Year published,Authors,Country,Area,Sample size,Age (years),Individuals with autism,Diagnostic criteria,Diagnostic tools,Percent w/ average IQ,Sex ratio (M:F),"Prevalence (per 10,000)",95% Confidence interval,"Category (AD, PDD or ASD)",Year(s) studied,Recommended,Study type,Citation,Link 1 Title,Link 1 URL,Link 2 Title,Link 2 URL,Link 3 Title,Link 3 URL,Link 4 Title,Link 4 URL
2001,Magnússon P. and E. Saemundsen,Iceland,Nationwide,"43,153",5-14,57,ICD-9|ICD-10,ADI-R|CARS,15,4.2,13.2,9.8-16.6,AD,1998,,Epidemiological survey,"J. Autism Dev. Disord. 31, 153-63 (2001)",Publication,https://www.ncbi.nlm.nih.gov/pubmed/11450814,,,,,,
2002,Croen L.A. et al.,United States,California,"4,950,333",5-12,"5,038",DSM-III-R|DSM-IV,Unavailable,62.8,4.5,11,10.7-11.3,AD,1987-1999,,Registry,J Autism Dev Disord. 2002 Jun;32(3):207-15,Publication,https://www.ncbi.nlm.nih.gov/pubmed/12108622,,,,,,
2002,Scott F.J. et al.,England,Cambridge,"34,262",5-11,196,ICD-10|DSM-IV,Unavailable,Unavailable,4,57,49.5-65.8,ASD,1999,,Administrative database,Autism. 2002 Sep;6(3):231-7,Publication,https://www.ncbi.nlm.nih.gov/pubmed/12212915,,,,,,
2002,Madsen K.M. et al.,Denmark,Nationwide,"537,303",1-8,738,ICD-10,Unavailable,Unavailable,Unavailable,13.7,12.7-14.7,AD|ASD,1999,,Registry,"Madsen K.M. et al. N. Engl. J. Med. 347, 1477-82 (2002)",Publication,https://www.ncbi.nlm.nih.gov/pubmed/12421889,,,,,,
2002,Wang W. et al.,China,Changzhou,"7,344",2-6,9,CCMD-2-R,CARS|PEP,Unavailable,2,12.3,4.3-20.3,AD,2001,,Epidemiological survey,"Wang W.H. et al. An epidemiological investigation on autistic disorder in Changzhou (in Chinese). Journal of clinical Psychiatry 12, 148-149 (2002)",Publication link unavailable,Unavailable,,,,,,
2003,Lingam R. et al.,England,Northeast London,"186,206",5-14,567,ICD-10,Unavailable,Unavailable,4.8,23,21-25,ASD,2000,,Registry|Administrative database,Arch Dis Child. 2003 Aug;88(8):666-70,Publication,https://www.ncbi.nlm.nih.gov/pubmed/12876158,,,,,,
2003,Yeargin-Allsopp M. et al. ,United States,"Atlanta, Georgia","289,456",3-10,987,DSM-IV,CARS,32,4,34,32-36,ASD,1996,Yes,Administrative database,JAMA. 2003 Jan 1;289(1):49-55,Publication,https://www.ncbi.nlm.nih.gov/pubmed/12503976,,,,,,
2003,Gurney J.G. et al. ,United States,Minnesota ,Unavailable,6-11,"4,094",DSM-IV-R,Unavailable,Unavailable,Unavailable,52,Unavailable,ASD,2001-2002,Yes,Administrative database,Arch Pediatr Adolesc Med. 2003 Jul;157(7):622-7,Publication,https://www.ncbi.nlm.nih.gov/pubmed/12860781,,,,,,
2004,Lauritsen M.B. et al.,Denmark,Nationwide,"682,397",0-9,"2,061",ICD-8|ICD-10,Unavailable,Unavailable,Unavailable,30.2,28.9-31.5,PDD,2001,,Registry,Psychol Med. 2004 Oct;34(7):1339-46,Publication,https://www.ncbi.nlm.nih.gov/pubmed/15697060,,,,,,
2004,Icasiano F. et al.,Australia,Barwon,Unavailable,2-17,177,DSM-IV,PEP-R,57.8,8.3,39.2,Unavailable,ASD,2002,,Epidemiological survey,J Paediatr Child Health. 2004 Dec;40(12):696-701,Publication,https://www.ncbi.nlm.nih.gov/pubmed/15569287,,,,,,
2004,Tebruegge M. et al.,England,Kent,"2,536",8-9,21,ICD-10,Unavailable,Unavailable,6,82.8,54.2-126.3,PDD,2000,,Administrative database,BMC Pediatr. 2004 Mar 3;4:4,Publication,https://www.ncbi.nlm.nih.gov/pubmed/15053835,,,,,,
2004,Guo R.,China,"Heping District, Tianjin","5,000",0-6,5,Unavailable,CABC|CARS,Unavailable,5,10,1-19,AD,2001,,Epidemiological survey,,Publication link unavailable,Unavailable,,,,,,
2005,Chakrabarti S. and E. Fombonne,England,Staffordshire,"10,903",4-6,64,DSM-IV,ADI-R,70.2,6.1,58.7,45.2-74.9,PDD,2002,Yes,Epidemiological survey,Am J Psychiatry. 2005 Jun;162(6):1133-41,Publication,https://www.ncbi.nlm.nih.gov/pubmed/15930062,,,,,,
2005,Zhang X. and Y.C. Ji,China,Tianjin,"7,345",2-6,8,DSM-IV,CABS-CV|CARS-CV,50,7,10.9,5.5-21.5,AD,2000,,Epidemiological survey,"Zhang X. and Ji Y.C. Biomed. Environ. Sci. 18, 334-40 (2005)",Publication,https://www.ncbi.nlm.nih.gov/pubmed/16370317,,,,,,
2006,Baird et al.,England,South Thames,"56,946",9-10,158,ICD-10,SCQ|ADI-R|ADOS-G,45,3.3,116.1,90.4-141.8,ASD,2000,Yes,Epidemiological survey,"Lancet. 368, 210-5 (2006)",Publication,https://www.ncbi.nlm.nih.gov/pubmed/16844490,,,,,,
2006,Fombonne E. et al.,Canada,"Montreal, Quebec","27,749",5-17,180,DSM-IV,Unavailable,Unavailable,4.8,64.9,55.8-75.0,PDD,2003,Yes,Administrative database,Pediatrics. 2006 Jul;118(1):e139-50,Publication,https://www.ncbi.nlm.nih.gov/pubmed/16818529,,,,,,
2006,Harrison M.J. et al.,Scotland,Lothian,"134,661",0-15,443,ICD-10|DSM-IV,Unavailable,Unavailable,7,44.2,39.5-48.9,ASD,2001,,Administrative database,Arch Dis Child. 2006 Jan; 91(1): 16–19,Publication,https://www.ncbi.nlm.nih.gov/pmc/articles/PMC2083098/,,,,,,
2006,Gillberg C. et al.,Sweden,Göteborg,"102,485",7-24,546,DSM-III|DSM-III-R|DSM-IV|Gillberg criteria ,CARS|ABC|ASDI|ADI|DISCO,Unavailable,3.6,53.3,48.8-57.8,ASD,2001,,Epidemiological survey,J Autism Dev Disord. 2006 Apr;36(3):429-35,Publication,https://www.ncbi.nlm.nih.gov/pubmed/16568356,,,,,,
2006,Ouellette-Kuntz H. et al.,Canada,Manitoba and Prince Edward Island,"227,526",1-14,662,ICD-9|ICD-10|DSM-III|DSM-IV,ADOS|ADI-R,Unavailable,3.9,29,27-31,PDD,2002,,Administrative database,,Publication,https://onlinelibrary.wiley.com/doi/abs/10.1111/j.1741-1130.2006.00076.x,,,,,,
2007,Ouellette-Kuntz H. et al.,Canada,British Columbia,"232,945",4-9,"1,003",DSM-IV,Unavailable,Unavailable,5.2,43.1,40.5-45.8,AD,2004,,Administrative database,"J Autism Dev Disord. 37, 1941-8 (2007)",Publication,https://www.ncbi.nlm.nih.gov/pubmed/17216561,,,,,,
2020,Kerub O. et al.,Israel,Negev,"3,343",1.3-3,22,DSM-5,M-CHAT|ADOS-2,Unavailable,Unavailable,66,38-93,ASD,2015-2017,,Epidemiological survey,,Publication,https://pubmed.ncbi.nlm.nih.gov/33078561/,,,,,,
2007,Croen L.A. et al.,United States,Northern California,"132,844",5-10,593,ICD-9-CM,Unavailable,Unavailable,5.4,45,41-48,ASD,2005,,Administrative database,Arch Pediatr Adolesc Med. 2007 Apr;161(4):334-40,Publication,https://www.ncbi.nlm.nih.gov/pubmed/17404129,,,,,,
2007,CDC,United States,"Arizona, Georgia, Maryland, New Jersey, South Carolina, and West Virginia","187,761",8,"1,252",DSM-IV-TR,Unavailable,38-60,2.8-5.5,67,63-70,ASD,2000,yes,Epidemiological survey ,"Autism and Developmental Disabilities Monitoring Network, six sites, United States, 2000. MMWR SS 2007;56(SS-1)(1)",Publication,https://www.cdc.gov/mmwr/preview/mmwrhtml/ss5601a1.htm,,,,,,
2007,CDC,United States,"Alabama, Arizona, Arkansas, Colorado, Georgia, Maryland, Missouri, New Jersey, North Carolina, Pennsylvania, South Carolina, Utah, West Virginia, and Wisconsin","407,578",8,"2,685",DSM-IV-TR,Unavailable,55.4,3.4-6.5,66,63-68,ASD,2002,,Epidemiological survey,"MMWR Surveill Summ. 56, 12-28 (2007)",Publication,https://www.ncbi.nlm.nih.gov/pubmed/17287715,,,,,,
2007,Latif A.H. and W.R. Williams,Wales,Rhondda and Taff Ely districts,"39,220",0-17,267,ICD-10|DSM-IV|Kanner criteria|Gillberg criteria,Clinician judgment,Unavailable,6.8,61.2,53.9-69.4,ASD,1994-2003,,Registry,Autism. 2007 Nov;11(6):479-87,Publication,https://www.ncbi.nlm.nih.gov/pubmed/17947285,,,,,,
2007,Oliveira G. et al.,Portugal,Mainland,"59,478",6-9,107,DSM-IV,ADI-R|CARS,17,2.9,9.2,8-10,ASD,2000,,Epidemiological survey,Dev Med Child Neurol. 2007 Oct;49(10):726-33,Publication,https://www.ncbi.nlm.nih.gov/pubmed/17880640,,,,,,
2007,Oliveira G. et al.,Portugal,Azores Islands,"8,317",6-9,13,DSM-IV,ADI-R|CARS,17,2.9,15.6,8-23,ASD,2000,,Epidemiological survey,Dev Med Child Neurol. 2007 Oct;49(10):726-33,Publication,https://www.ncbi.nlm.nih.gov/pubmed/17880640,,,,,,
2007,Ellefsen A. et al.,Denmark,Faroe Islands,"7,689",8-17,43,ICD-10|Gillberg criteria,DISCO-10,Unavailable,5,56,38-73,ASD,2002,,Epidemiological survey,"J Autism Dev Disord. 37, 437-44 (2007)",Publication,https://www.ncbi.nlm.nih.gov/pubmed/17029020,,,,,,
2007,Yang S.G. et al.,China,Zunyi ,"10,412",3-12,6,ABC,DSM-IV,Unavailable,5,5.8,1.2-10.4,ASD,2003,,Epidemiological survey,"Yang S.G. Prevalence investigation of autism in children (in Chinese). Journal of Applied Clinical Pediatrics 22, 1872-1873 (2007)",Publication link unavailable,Unavailable,,,,,,
2007,Eapen V. et al. ,United Arab Emirates,"Dubai, Al Ain in Abu Dhabi Emirate, and Ras Al-Khaimah",694,3,2,DSM-IV,ASQ,Unavailable,Unavailable,29,8-104,PDD,Unavailable,,Epidemiological survey,J Trop Pediatr. 2007 Jun;53(3):202-5,Publication,https://www.ncbi.nlm.nih.gov/pubmed/17244665,,,,,,
2007,Liu J. et al.,China,Beijing,"21,866",2-6,16,DSM-IV,CABS|CARS,0,1.3,7.3,4.5-11.9,PDD,2004,,Epidemiological survey,,Publication,https://pesquisa.bvsalud.org/portal/resource/pt/wpr-588967,,,,,,
2007,Aguilera A. et al.,Spain,Seville,"127,350",3-21,182,DSM-IV,Unavailable,Unavailable,4.9,14,12-16,ASD|PDD,2002-2003,,Administrative database,,Publication,https://www.tandfonline.com/doi/pdf/10.1179/096979507799103405,,,,,,
2008,Wong V.C. and S.L. Hui,China,Hong Kong,"4,247,206",0-14,682,DSM-III|DSM-IV,ADI-R|CARS,Unavailable,6.6,16.1,14.9-17.3,ASD,1986-2005,,Registry,J Child Neurol. 2008 Jan;23(1):67-72,Publication,https://www.ncbi.nlm.nih.gov/pubmed/18160559,,,,,,
2008,Montiel-Nava C. and J.A. Peña,Venezuela,Maracaibo County,"254,905",3-9,430,DSM-IV-TR,ADOS|CARS,Unavailable,3.3,17,13-20,ASD,2005-2006,,Administrative database,Autism. 2008 Mar;12(2):191-202,Publication,https://www.ncbi.nlm.nih.gov/pubmed/18308767,,,,,,
2008,Kawamura Y. et al.,Japan,Toyota,"12,589",5-8,228,DSM-IV,Unavailable,66.4,2.8,181,159-204,PDD,2002,,Epidemiological survey,Psychiatry Clin Neurosci. 2008 Apr;62(2):152-9,Publication,https://www.ncbi.nlm.nih.gov/pubmed/18412836,,,,,,
2008,Williams E. et al.,England,Avon,"14,062",11,86,ICD-10,Unavailable,85.3,6.8,61.9,48.8-74.9,ASD,2003,,Research cohort ,Dev Med Child Neurol. 2008 Sep;50(9):672-7,Publication,https://www.ncbi.nlm.nih.gov/pubmed/18754916,,,,,,
2008,Zhang F. et al. ,China,Wuxi City,"25,521",1-6,25,CHAT|CABS|CARS,DSM-IV,Unavailable,3.2,9.8,6-13.6,AD,Unavailable,,Epidemiological survey,"Zhang F. The latest investigation of autism epidemic of children aged from 1 to 6 years old in Wuxi city (in Chinese). Maternal and Child Health Care of China 23, 3878-3880 (2008)",Publication link unavailable,Unavailable,,,,,,
2008,Lejarraga H. et al.,Argentina,San Isidro,839,0-5,11,DSM-IV,PRUNAPE|BDI|VABS,Unavailable,Unavailable,131,73-233,PDD,2004-2005,,Epidemiological survey,Paediatr Perinat Epidemiol. 2008 Mar;22(2):180-7,Publication,https://www.ncbi.nlm.nih.gov/pubmed/18298693,,,,,,
2008,Parner E. T. et al.,Denmark,Nationwide,"407,458",3-11,"2,649",ICD-10,Unavailable,Unavailable,Unavailable,65,62.5-67.5,AD|PDD,2006,,National registry,,Publication,https://pubmed.ncbi.nlm.nih.gov/19047542/,,,,,,
2009,Baron-Cohen S. et al.,England,Cambridgeshire,"8,824",5-9,83,ICD-10,ADOS|ADI-R,Unavailable,Unavailable,94,75-116,ASD|AD|PDD,2003-2004,Yes,Registry|Epidemiological survey,Br J Psychiatry. 2009 Jun;194(6):500-9,Publication,https://www.ncbi.nlm.nih.gov/pubmed/19478287,,,,,,
2009,Nicholas J.S. et al. ,United States,South Carolina,"8,156",4,65,DSM-IV-TR,Unavailable,44.2,4.7,80,61-99,ASD|AD|PDD,2006,,Epidemiological survey,Ann Epidemiol. 2009 Nov;19(11):808-14,Publication,https://www.ncbi.nlm.nih.gov/pubmed/19541501,,,,,,
2009,van Balkom I.D.C. et al.,Aruba,Nationwide,"13,109",0-13,69,DSM-IV,ADOS,58,6.7,53,41-67,ASD|AD|PDD,1997-2003,,Epidemiological survey,J Neurodev Disord. 2009 Sep;1(3):197-204,Publication,https://www.ncbi.nlm.nih.gov/pubmed/21547715,,,,,,
2009,CDC,United States,"Alabama, Arizona, Colorado, Florida, Georgia, Maryland, Missouri, North Carolina, Pennsylvania, South Carolina, and Wisconsin","308,038",8,"2,757",DSM-IV-TR,Unavailable,59,4.5,90,86-93,AD|PDD,2006,,Epidemiological survey,"MMWR Surveill Summ. 58, 1-20 (2009)",Publication,https://www.ncbi.nlm.nih.gov/pubmed/20023608,,,,,,
2009,Zhang G. et al. ,China,"Yunyan district, Guiyang city","5,000",1-6,5,Unavailable,CCMD-2-R|CARS|CABS,Unavailable,4:1,10,1-19,AD,2001,,Epidemiological survey,,Publication link unavailable,Unavailable,,,,,,
2009,Perera H. et al. ,Sri Lanka,Unavailable,374,1.5-2,4,DSM-IV,M-CHAT,Unavailable,4,107,42-272,ASD,2008,,Epidemiological survey ,,Publication,https://www.ncbi.nlm.nih.gov/pubmed/19401407,,,,,,
2009,Kogan M.D. et al.,United States,Nationwide,"77,911",3-17,913,Unavailable,Parent report,Unavailable,4.5,110,94-128,ASD,2007,Yes,General health survey,,Publication,https://www.ncbi.nlm.nih.gov/pubmed/19805460,,,,,,
2009,Lin J. et al.,Taiwan,Nationwide,"5,054,196",0-17,"6,179",Unavailable,Unavailable,Unavailable,6.6,12.2,11.9-12.5,ASD,2007,,Administrative database,,Publication,https://www.sciencedirect.com/science/article/pii/S1750946708000834,,,,,,
2009,Rabbani M.G. et al.,Bangladesh,Dhaka Division,"3,564",5-17,11,DSM-IV-TR,Unavailable,Unavailable,1.8,31,13-49,AD,2009,,Epidemiological survey,,Publication,https://tinyurl.com/yj26x5xe,,,,,,
2010,Fernell E. and C. Gillberg,Sweden,Stockholm County,"24,084",6,147,DSM-IV|DSM-IV-TR|ICD-10,Unavailable,33,5.1,62,52-72,ASD,2005-2008,,Administrative database,,Publication,https://www.ncbi.nlm.nih.gov/pubmed/20149593,,,,,,
2010,Lazoff T. et al.,Canada,"Montreal, Quebec","23,635",5-17,187,Unavailable,Unavailable,Unavailable,5.4,79.1,67.8-90.4,PDD,2008,,Administrative database,,Publication,https://www.ncbi.nlm.nih.gov/pubmed/21070699,,,,,,
2010,Barnevik-Olsson M. et al.,Sweden,Stockholm,"113,391",6-10,250,Unavailable,Unavailable,Unavailable,Unavailable,22,19-25,ASD|PDD,2009,,Administrative database,,Publication,https://www.ncbi.nlm.nih.gov/pubmed/20964674,,,,,,
2010,Maenner M.J. and Durkin M.S.,United States,Wisconsin,"428,030",Unavailable,"3,831",DSM-IV ,Unavailable,Unavailable,Unavailable,90,87-92,ASD,2008,,Administrative database,,Publication,https://www.ncbi.nlm.nih.gov/pubmed/20974790,,,,,,
2010,Posserud M. et al.,Norway,Bergen,"9,430",7-9,16,DSM-IV|ICD-10,DAWBA|Kiddie-SADS|DISCO,Unavailable,7,87,Unavailable,ASD|PDD|AD,Unavailable,,Epidemiological survey,,Publication,https://www.ncbi.nlm.nih.gov/pubmed/19551326,,,,,,
2010,Yu C. et al.,China,Harbin City,"7,059",2-6,16,DSM-IV,CABRS|ABC,19,7,22.7,11.6-33.8,ASD,2009,,Epidemiological survey,,Publication link unavailable,Unavailable,,,,,,
2010,Wu X. et al.,China,Lianyungang City,"8,532",0-3,9,DSM-IV,CHAT|CABS|CARS,Unavailable,3.4,10.5,3.7-17.4,ASD,2009,,Epidemiological survey,,Publication link unavailable,Unavailable,,,,,,
2010,Chen Y. et al.,China,"Ranghu Road District, Daqing City","7,034",2-6,17,DSM-IV,CABS|ABC|KABS|CAPRS,Unavailable,2.4,24.2,15.1-38.7,ASD,2009,,Epidemiological survey,,Publication link unavailable,Unavailable,,,,,,
2011,Al-Farsi Y.M. et al.,Oman,Nationwide,"798,913",0-14,113,DSM-IV-TR,CARS,Unavailable,3,1.4,1.2-1.7,ASD,2009,,Epidemiological survey,"J Autism Dev Disord. 41, 821-5 (2011)",Publication,https://www.ncbi.nlm.nih.gov/pubmed/20809376,,,,,,
2011,Paula C.S. et al.,Brazil,"Atibaia, São Paulo State","1,470",7-12,4,DSM-IV,K-SADS|ADI-R,Unavailable,4,27.2,17.6-36.8,PDD,Unavailable,,Epidemiological survey ,J Autism Dev Disord. 2011 Dec;41(12):1738-42,Publication,https://www.ncbi.nlm.nih.gov/pubmed/21337063,,,,,,
2011,Brugha T.S. et al.,England,Nationwide,"7,333",16-98,72,DSM-IV,ADOS,100,Unavailable,98,30-165,ASD,2007,Yes,Epidemiological survey,"Brugha T.S. et al. Arch. Gen. Psychiatr. 68, 459-65 (2011) PubMed",Publication,https://www.ncbi.nlm.nih.gov/pubmed/21536975,,,,,,
2011,Kim Y.S. et al.,South Korea,"Ilsan district, Goyang City","55,266",7-12,201,DSM-IV,ADOS|ADI-R,26,3.4,264,191-337,ASD,2005-2009,Yes,Epidemiological survey,"Kim Y.S. et al. Am. J. Psychiatry 168, 904-912 (2011) PubMed",Publication,https://www.ncbi.nlm.nih.gov/pubmed/21558103,Spectrum article,https://www.spectrumnews.org/news/study-finds-high-rate-of-autism-in-south-korea/,,,,
2011,Mattila M.L. et al.,Finland,Northern Ostrobothnia County,"5,484",8,37,DSM-IV-TR,ADI-R|ADOS,65,1.8,84,61-115,ASD,2001-2002,,Epidemiological survey,,Publication,https://www.ncbi.nlm.nih.gov/pubmed/21621142,,,,,,
2011,Parner E.T. et al.,Australia,Western Australia,"152,060",0-10,678,DSM-IV|DSM-IV-TR,Unavailable,Unavailable,4.9,51,47-55,ASD,1994-2004,Yes,Administrative database,J Autism Dev Disord. 2011 Dec;41(12):1601-8,Publication,https://www.ncbi.nlm.nih.gov/pubmed/21311963,,,,,,
2011,Parner E.T. et al.,Denmark,Nationwide,"404,816",0-10,"2,002",ICD-10,Unavailable,Unavailable,4.9,68.5,65-72,ASD,1994-2004,Yes,Registry,J Autism Dev Disord. 2011 Dec;41(12):1601-8,Publication,https://www.ncbi.nlm.nih.gov/pubmed/21311963,,,,,,
2011,Samadi S.A. et al. ,Iran,Nationwide,"1,320,334",5,826,ICD-10|DSM-IV,ADI-R,Unavailable,4,6.3,5.8-6.7,ASD,2006-2009,,Epidemiological survey,,Publication,https://www.ncbi.nlm.nih.gov/pubmed/21610190,,,,,,
2011,Chien I.C. et al. ,Taiwan,Nationwide,"372,642",0-17,659,ICD-9-CM,Unavailable,Unavailable,Unavailable,17.7,16.3-19,ASD,1996-2005,,Administrative database,,Publication,https://www.ncbi.nlm.nih.gov/pubmed/21460178,,,,,,
2011,Windham G.C. et al.,United States,San Francisco Bay Area,"82,153",8,383,DSM-IV,Unavailable,Unavailable,5.8,47,42-51,ASD,2002,,Administrative database,J Autism Dev Disord. 2011 Oct;41(10):1362-72,Publication,https://www.ncbi.nlm.nih.gov/pubmed/21264681,,,,,,
2011,Windham G.C. et al.,United States,San Francisco Bay Area,"80,249",8,374,DSM-IV,Unavailable,Unavailable,6.2,47,42-52,ASD,2004,,Administrative database,J Autism Dev Disord. 2011 Oct;41(10):1362-72,Publication,https://www.ncbi.nlm.nih.gov/pubmed/21264681,,,,,,
2011,Li N. et al.,China,Nationwide,"616,940",0-17,Unavailable,ICD-10,Unavailable,Unavailable,2.5,2.38,1.92-2.84,ASD,2006,,Epidemiological survey,,Publication,https://pubmed.ncbi.nlm.nih.gov/22079437/,,,,,,
2011,Wang X. et al.,China,Guangzhou City,"6,111",2-6,46,DSM-IV,CABRS,Unavailable,6.6,75.4,53.8-97.0,ASD,2009,,Epidemiological survey,,Publication link unavailable,Unavailable,,,,,,
2011,Su Y. et al.,China,Tianjin,"7,904",1.5-3,22,DSM-IV,CARS|CHAT,Unavailable,4.5,27.8,16.2-39.4,ASD,2007-2008,,Epidemiological survey,,Publication link unavailable,Unavailable,,,,,,
2012,CDC,United States,"Alabama, Arizona, Arkansas, Colorado, Florida, Maryland, Missouri, New Jersey, North Carolina, Pennsylvania, South Carolina, Utah, West Virginia and Wisconsin","337,093",8,"3,820",DSM-IV-TR,Unavailable,62,4.6,113,110-117,AD|PDD,2008,,Epidemiological survey,"MMWR Surveill Summ. 61, 1-19 (2012)",Publication,https://www.ncbi.nlm.nih.gov/pubmed/22456193,Spectrum article,https://www.spectrumnews.org/opinion/rising-rates/,,,,
2012,Idring S. et al.,Sweden,Stockholm County,"444,154",0-17,"5,100",ICD-9|ICD-10|DSM-IV,Unavailable,57,2.6,115,112-118,ASD,2007,Yes,Administrative database,PLoS One. 2012;7(7):e41280,Publication,https://www.ncbi.nlm.nih.gov/pubmed/22911770,,,,,,
2012,Isaksen J. et al.,Norway,Oppland and Hedmark Counties,"31,015",6-12,158,ICD-10,ADOS|ADI-R,Unavailable,4.3,51,43-59,ASD,2008,,Administrative database,Eur J Paediatr Neurol. 2012 Nov;16(6):592-8,Publication,https://www.ncbi.nlm.nih.gov/pubmed/22342070,,,,,,
2012,Kočovská E. et al.,Denmark,Faroe Islands,"7,128",15-24,67,ICD-10|DSM-IV,DISCO-11|ADOS,Unavailable,2.7,94,73-119,ASD,2009,,Epidemiological survey ,,Publication,https://www.ncbi.nlm.nih.gov/pubmed/22271195,,,,,,
2012,Nygren G. et al.,Sweden,Gothenburg,"5,007",2,40,DSM-IV-TR,M-CHAT|ADOS,65,4,80,57-109,ASD,2010,,Epidemiological survey,J Autism Dev Disord. 2012 Jul;42(7):1491-7,Publication,https://www.ncbi.nlm.nih.gov/pubmed/22048962,,,,,,
2012,Parner E.T. et al.,Denmark,Nationwide,"1,311,736",6-29,"9,556",ICD-8|ICD-10,Unavailable,Unavailable,4,72.9,71.4-74.3,ASD,2009,,National registry,Ann Epidemiol. 2012 Mar;22(3):143-50,Publication,https://www.ncbi.nlm.nih.gov/pubmed/22277122,,,,,,
2012,Pinborough-Zimmerman J. et al.,United States,"Utah (Davis, Salt Lake, and Utah Counties)","26,213",8,171,ICD-9 ,Unavailable,Unavailable,4.9,65,55-75,ASD,2002,,Administrative database,J Autism Dev Disord. 2012 Apr;42(4):521-30,Publication,https://www.ncbi.nlm.nih.gov/pubmed/21538173,,,,,,
2012,Pinborough-Zimmerman J. et al.,United States,"Utah (Davis, Salt Lake, and Utah Counties)","29,494",8,301,ICD-9 ,Unavailable,Unavailable,5.3,102,91-113,ASD,2006,,Administrative database,J Autism Dev Disord. 2012 Apr;42(4):521-30,Publication,https://www.ncbi.nlm.nih.gov/pubmed/21538173,,,,,,
2012,Pinborough-Zimmerman J. et al.,United States,"Utah (Davis, Salt Lake, and Utah Counties)","33,757",8,432,ICD-9 ,Unavailable,Unavailable,4,130,118-142,ASD,2008,,Administrative database,J Autism Dev Disord. 2012 Apr;42(4):521-30,Publication,https://www.ncbi.nlm.nih.gov/pubmed/21538173,,,,,,
2012,Zeglam A.M. and Maound A.J. ,Libya ,Tripoli,"30,508",0-16,128,DSM-IV,Unavailable,31,4,33,27.5-39,ASD,2005-2009,,Epidemiological survey,,Publication,https://pubmed.ncbi.nlm.nih.gov/22571097/,,,,,,
2012,Lai D. et al.,Taiwan,Nationwide,"4,044,433",3-17,"8,072",DSM-III-R|DSM-IV|DSM-IV-TR,Unavailable,Unavailable,6.6,19.9,19.5-20.3,ASD,2010,,Registry,,Publication,https://pubmed.ncbi.nlm.nih.gov/22245733/,,,,,,
2012,Hsu S. et al.,Taiwan,Nationwide,"895,639",0-99,"10,868",ICD-9-CM,Unavailable,Unavailable,2.9,121,119-123,ASD,2007,,Administrative Database,,Publication,https://www.sciencedirect.com/science/article/pii/S1750946711001577,,,,,,
2012,Zhou L. and J. Shi,China,Shenzhen City,"2,960",1-2,9,Unavailable,CARS|CHAT,Unavailable,Unavailable,30,16-58,ASD,2009-2011,,Epidemiological survey,,Publication link unavailable,Unavailable,,,,,,
2012,Wei Z. et al.,China,Shenzen City,"3,624",1.5-2,10,DSM-IV,CARS|CHAT,Unavailable,Unavailable,27.6,10.5-44.7,ASD,Unavailable,,Epidemiological survey,,Publication link unavailable,Unavailable,,,,,,
2013,Davidovitch M. et al.,Israel,Nationwide,"423,524",1-12,"2,034",DSM-IV,Unavailable,Unavailable,5.2,48,46-50,ASD,2010,,National registry,J Autism Dev Disord. 2013 Apr;43(4):785-93,Publication,https://www.ncbi.nlm.nih.gov/pubmed/22836322,Spectrum article,https://www.spectrumnews.org/news/clinical-research-israeli-study-shows-high-autism-prevalence/,,,,
2013,Blumberg S.J. et al.,United States,Nationwide,"65,556",6-17,"1,393",Unavailable,Parent report,Unavailable,4.6,212,202-224,ASD,2011-2012,,General health survey,Natl Health Stat Report. 2013 Mar 20;(65):1-11,Publication,https://www.ncbi.nlm.nih.gov/pubmed/24988818,,,,,,
2013,Saemundsen E. et al.,Iceland,Nationwide,"22,229",6,267,ICD-10,ADOS|ADI-R,54.7,2.8,120.1,106.6-135.3,ASD,2005-2009,Yes,Registry|Administrative database,BMJ Open. 2013 Jun 20;3(6),Publication,https://www.ncbi.nlm.nih.gov/pubmed/23788511,,,,,,
2013,Taylor B. et al.,United Kingdom,"England, Scotland, Northern Ireland, and Wales","256,278",8,616,DSM-IV,Unavailable,Unavailable,5,24,22-26,ASD,2010,,Administrative database,BMJ Open. 2013 Oct 16;3(10):e003219,Publication,https://www.ncbi.nlm.nih.gov/pubmed/24131525,,,,,,
2013,Al-Ansari A.M. and M.M. Ahmed,Bahrain,Nationwide,"1,250,000",2-27,100,DSM-IV-TR,M-CHAT|CARS,Unavailable,4,4.3,Unavailable,AD,2000-2010,,Epidemiological survey,,Publication,https://www.ncbi.nlm.nih.gov/pubmed/24313037,,,,,,
2013,Fortea Sevilla M.S. et al.,Spain,Las Palmas,"1,796",1.5-2.5,11,DSM-IV-TR,M-CHAT/ES|ADOS|ADI-R,Unavailable,0.8,61,34-109,ASD,Unavailable,,Epidemiological survey,,Publication,https://pubmed.ncbi.nlm.nih.gov/23746744/,,,,,,
2013,Al-Zahrani A.,Saudi Arabia,Taif,"22,950",7-12,8,DSM-IV,ADOS|ADI-R,Unavailable,1.7,3.5,1.1-5.9,PDD,2011-2012,,Epidemiological survey,,Publication,https://pesquisa.bvsalud.org/portal/resource/pt/sea-153109,,,,,,
2012,Surén P. et al.,Norway,Nationwide,"731,318",0-11,"2,352",ICD-10,Unavailable,Unavailable,4.3,32,31-34,PDD,2008-2010,,National registry,,Publication,https://pubmed.ncbi.nlm.nih.gov/22711729/,,,,,,
2014,CDC,United States,"Alabama, Arizona, Arkansas, Colorado, Georgia, Maryland, Missouri, New Jersey, North Carolina, Utah and Wisconsin","363,749",8,"5,338",DSM-IV-TR|ICD-9,Unavailable,69,4.5,147,143-151,ASD|AD|PDD,2010,,Epidemiological survey,"MMWR Surveill Summ. 63, 1-21 (2014)",Publication,https://pubmed.ncbi.nlm.nih.gov/24670961/,Spectrum article,https://www.spectrumnews.org/news/new-spike-in-autism-numbers-may-reflect-rise-in-awareness/,,,,
2014,Kakooza-Mwesige A. et al. ,Uganda,Kampala and Wakiso Districts,"1,169",2-9,8,DSM-IV-TR,23Q,Unavailable,Unavailable,68,35-134,PDD,2010-2011,,Epidemiological survey,,Publication,https://pubmed.ncbi.nlm.nih.gov/23536263/,,,,,,
2014,Ouellette-Kuntz H. et al.,Canada,Prince Edward Island,"20,300",2-14,184,Unavailable,Unavailable,Unavailable,7,90.6,78.0-104.7,ASD,2010,Yes,Epidemiological survey,J Autism Dev Disord. 2014 Jan;44(1):120-36,Publication,https://www.ncbi.nlm.nih.gov/pubmed/23771514,Spectrum article,https://www.spectrumnews.org/opinion/prevalence-perturbed/,,,,
2014,Ouellette-Kuntz H. et al.,Canada,Southeastern Ontario,"69,486",2-14,898,Unavailable,Unavailable,Unavailable,4.5,129.2,120.9-138.0,ASD,2010,,Epidemiological survey,J Autism Dev Disord. 2014 Jan;44(1):120-37,Publication,https://www.ncbi.nlm.nih.gov/pubmed/23771515,Spectrum article,https://www.spectrumnews.org/opinion/prevalence-perturbed/,,,,
2014,Ouellette-Kuntz H. et al.,Canada,Newfoundland and Labrador,"66,783",2-14,554,Unavailable,Unavailable,Unavailable,4.8,83,76.2-90.2,ASD,2008,,Epidemiological survey,J Autism Dev Disord. 2014 Jan;44(1):120-38,Publication,https://www.ncbi.nlm.nih.gov/pubmed/23771516,Spectrum article,https://www.spectrumnews.org/opinion/prevalence-perturbed/,,,,
2014,Huang J.P. et al.,China,Tianjin,"8,000",1.5-3,22,DSM-IV,modified CHAT,Unavailable,4,27.5,16-39,ASD,2009-2011,,Epidemiological survey,,Publication,https://pubmed.ncbi.nlm.nih.gov/24961855/,,,,,,
2014,Zahorodny W. et al.,United States,"Hudson, Union, and Ocean Counties, New Jersey","30,570",8,533,DSM-IV-TR,Unavailable,76.7,5.1,174,160-190,AD|ASD,2006,,Epidemiological survey,,Publication,https://pubmed.ncbi.nlm.nih.gov/23203404/,,,,,,
2014,Russell G. et al.,"England, Scotland, Wales, and Northern Ireland",Nationwide,"13,586",6-8,209,Unavailable,Parent report,Unavailable,5,170,140-200,ASD,2008-2009,,General health survey,,Publication,https://pubmed.ncbi.nlm.nih.gov/23719853/,,,,,,
2014,García Primo P. et al.,Spain,Salamanca and Zamora,"9,524",1.5-3.3,22,DSM-IV-TR,M-CHAT,Unavailable,Unavailable,23,15-35,PDD,2005-2012,,Epidemiological survey,,Publication,https://pubmed.ncbi.nlm.nih.gov/24103249/,,,,,,
2014,Lirola F.V. and Palomino A.S.,Spain,Almeria,Unavailable,3-21,274,Unavailable,Unavilable,Unavailable,Unavailable,27,24-31,ASD,2013-2014,,Administrative database,,Publication,https://revistas.uautonoma.cl/index.php/ejpad/article/view/698,,,,,,
2015,Braun K. et al.,United States,"Atlanta, Georgia","48,529",8,752,DSM-IV-TR,Unavailable,63.3,4.6,155,144-166,ASD,2010,,Administrative database,,Publication,https://www.ncbi.nlm.nih.gov/pmc/articles/PMC4414511/,,,,,,
2015,Dekkers L.M.S. et al.,Ecuador,Quito,"51,453",5-15,57,DSM-III|DSM-IV,Unavailable,Unavailable,4.7,11.07,8.2-14,ASD|AD|PDD,Unavailable,,Administrative database,,Publication,https://www.ncbi.nlm.nih.gov/pubmed/26319251,,,,,,
2015,van Bakel M.M.E. et al.,France,"Isere, Savoy, Upper-Savoy, and Haute-Garonne counties","307,751",7,"1,123",ICD-10,Unavailable,53.1,4.1,36.5,34.4-38.7,ASD,Unavailable,,Regional registry,J Autism Dev Disord. 2015 Oct;45(10):3255-61,Publication,https://www.ncbi.nlm.nih.gov/pubmed/26048041,,,,,,
2015,Zablotsky B. et al.,United States,Nationwide,"32,192",3-17,Unavailable,Unavailable,Unavailable,76.8,4.5,224,Unavailable,ASD,2011-2013,,General health survey,Natl Health Stat Report. 2015 Nov 13;(87):1-20,Publication,https://stacks.cdc.gov/view/cdc/38790,,,,,,
2015,Zablotsky B. et al.,United States,Nationwide,"11,091",3-17,Unavailable,DSM-IV-TR,Unavailable,83.3,3,125,Unavailable,ASD,2014,,General health survey,Natl Health Stat Report. 2015 Nov 13;(87):1-20,Publication,https://stacks.cdc.gov/view/cdc/38790,,,,,,
2015,Samadi S.A. and McConkey R.,Iran ,Mahabad,"2,941",2-5,28,DSM-IV,M-CHAT|HIVA|ADOS|ADI-R,Unavailable,2.1,95.2,66-137,ASD,Unavailable,,Epidemiological survey,,Publication,https://pubmed.ncbi.nlm.nih.gov/25911978/,,,,,,
2015,Idring S. et al.,Sweden,Stockholm County,"735,096",0-27,"11,330",ICD-9|ICD-10|DSM-IV,Unavailable,74,2.4,154,151-157,ASD,2001-2011,,Administrative database,,Publication,https://pubmed.ncbi.nlm.nih.gov/25475364/,,,,,,
2015,Hansen S.N. et al.,Denmark,Nationwide,"677,915",20-31,"3,956",ICD-8|ICD-10,Unavailable,Unavailable,3.6,58.4,56.5-60.2,ASD,2011,,National registry,,Publication,https://pubmed.ncbi.nlm.nih.gov/25365033/,,,,,,
2015,Yang W. et al.,China,"Longhua District, Shenzhen","15,200",4,398,Unavailable,ABC,Unavailable,2,262,238-288,ASD,2014,,Epidemiological survey,,Publication,https://www.ncbi.nlm.nih.gov/pmc/articles/PMC4678489/,,,,,,
2015,Pelly L. et al.,Canada,"Avalon Peninsula, Newfoundland and Labrador",Unavailable,0-15,272,DSM-IV-TR,ADOS,Unavailable,6.2,216,Unavailable,ASD,2013,,Regional registry,,Publication,https://www.ncbi.nlm.nih.gov/pmc/articles/PMC4593414/,,,,,,
2016,CDC,United States,"Arkansas, Arizona, Colorado, Georgia, Maryland, Missouri, New Jersey, North Carolina, South Carolina, Utah and Wisconsin","346,978",8,"5,063",DSM-IV-TR|ICD-9-CM,Unavailable,68.4,4.5,146,142-150,ASD|AD|PDD,2012,,Epidemiological survey,MMWR Surveill Summ. 2016 Apr 1;65(3):1-23,Publication,https://www.ncbi.nlm.nih.gov/pubmed/27031587,Spectrum article,https://www.spectrumnews.org/news/u-s-stats-show-autism-rate-reaching-possible-plateau/,,,,
2016,Chaaya M. et al. ,Lebanon,"Beirut, Mount Lebanon",998,1.3-4,263,Unavailable,M-CHAT|short questionnaire ,Unavailable,1.05,153,77-229,ASD,2014,,Epidemiological survey,,Publication,https://www.ncbi.nlm.nih.gov/pubmed/26362151,,,,,,
2016,Chinawa J.M. et al.,Nigeria,Enugu and Ebonyi states,721,3-18,21,DSM-IV-TR,Parent report|Teacher report,Unavailable,0.9,290,169-414,ASD,2014,,General health surveys,,Publication,https://www.ncbi.nlm.nih.gov/pubmed/28479884,,,,,,
2016,CDC,United States,"Arizona, Missouri, New Jersey, Utah, and Wisconsin","58,467",4,783,ICD-9-CM|DSM-IV-TR,Unavailable,54,3.3,134,125-144,ASD|AD|PDD,2010,,Epidemiological survey,J Dev Behav Pediatr. 2016 Jan;37(1):1-8,Publication,https://www.ncbi.nlm.nih.gov/pubmed/26651088,,,,,,
2016,Fombonne E. et al.,Mexico,"Leon, Guanajuato","12,116",8,36,DSM-IV-TR,SRS|ADOS|ADIS|ADI-R,69.4,4.1,87,62-110,ASD|AD|PDD,2011-2012,,Epidemiological survey,J Autism Dev Disord. 2016 May;46(5):1669-85,Publication,https://www.ncbi.nlm.nih.gov/pubmed/26797939,,,,,,
2016,Hewitt A. et al. ,United States,"Minneapolis, Minnesota","12,329",7-9,255,DSM-IV-TR,Unavailable,67.4,4.2,207,183-234,ASD,2010,,Epidemiological survey,,Publication,https://www.ncbi.nlm.nih.gov/pubmed/27106569,,,,,,
2016,Poovanthinal S.A. et al.,India,"Shoranur, Kerala","18,480",1-30,43,DSM-IV-TR,Unavailable,Unavailable,2.1,23.3,16.3-30.2,ASD,2011-2012,,Epidemiological survey,Ann Epidemiol. 2016 Sep;26(9):663-665.e8,Publication,https://www.ncbi.nlm.nih.gov/pubmed/27497678,,,,,,
2016,Randall M. et al.,Australia,Nationwide,"4,239",6-7,107,Unavailable,Parent report,Unavailable,5.3,250,200-300 ,ASD,2010,,Research cohort ,"Randall M. et al. Aust. N. Z. J. Psychiatry 50, 243-53 (2016)",Publication,https://www.ncbi.nlm.nih.gov/pubmed/26282446,,,,,,
2016,Randall M. et al.,Australia,Nationwide,"4,161",6-7,58,Unavailable,Parent report,Unavailable,4.3,150,120-200,ASD,2006,,Research cohort ,"Randall M. et al. Aust. N. Z. J. Psychiatry 50, 243-53 (2016)",Publication,https://www.ncbi.nlm.nih.gov/pubmed/26282446,,,,,,
2016,Brennan L. et al.,Albania,"Urban areas, primarily Tirana","2,594",1.3-2.5,17,Unavailable,M-CHAT-R/F-A|ADOS|PEDS|PEDS:DM|parent interview,Unavailable,Unavailable,131,87-175,ASD,Unavailable,,Epidemiological survey,,Publication,https://pubmed.ncbi.nlm.nih.gov/27491423/,,,,,,
2016,Brugha T.S. et al.,England,Nationwide,"7,538",18-,107,Unavailable,ADOS-Mod1|ADOS-Mod4|AQ|ADI-R|DISCO,Unavailable,1.43,110,30-190,ASD,2007-2010,,Registry|Epidemiological survey,,Publication,https://pubmed.ncbi.nlm.nih.gov/27388569/,,,,,,
2017,Skonieczna-Żydecka K. et al.,Poland,West Pomeranian and Pomeranian,"707,975",0-16,"2,514",ICD-10,STAT|Q-CHAT,Unavailable,4.3,35,34.2-36.9,ASD,2010-2014,,Registry,J Appl Res Intellect Disabil. 2017 Mar;30(2):283-289,Publication,https://www.ncbi.nlm.nih.gov/pubmed/26771078,,,,,,
2017,May T. et al. ,Australia,Nationwide,"3,764",10-11,Unavailable,Unavailable,Parent report|Teacher report,Unavailable,Unavailable,390,320-450,ASD,2014,,Research cohort ,"May T. et al. BMJ Open 7, e015549 (2017)",Publication,https://www.ncbi.nlm.nih.gov/pubmed/28490562,,,,,,
2017,May T. et al. ,Australia,Nationwide,"4,164",10-11,Unavailable,Unavailable,Parent report|Teacher report,Unavailable,Unavailable,240,160-290,ASD,2010,,Research cohort ,"May T. et al. BMJ Open 7, e015549 (2017)",Publication,https://www.ncbi.nlm.nih.gov/pubmed/28490562,,,,,,
2017,Rudra A. et al.,India,Kolkata,"11,849",3-8,6,Unavailable,SCDC|SCQ|ADOS,Unavailable,6,23,7-46,ASD,2010-2013,,Epidemiological survey,Autism Res. 2017 Oct;10(10):1597-1605,Publication,https://www.ncbi.nlm.nih.gov/pubmed/28544637,Spectrum article,https://www.spectrumnews.org/news/school-survey-india-reveals-low-autism-prevalence/,,,,
2017,Xie S. et al.,Sweden,Stockholm County,"480,728",0-17,"10,025",ICD-9|ICD-10|DSM-IV,Unavailable,76.4,2.43,209,205-213,ASD,2011,,Registry,,Publication,https://www.ncbi.nlm.nih.gov/pmc/articles/PMC6827186/,,,,,,
2017,Raina S.K. et al. ,India,Himachal Pradesh,"28,070",1-10,43,Unavailable,ISAA,Unavailable,1.15,15,15-25,ASD,Unavailable,,Epidemiological survey,,Publication,https://pubmed.ncbi.nlm.nih.gov/28694615/,,,,,,
2018,Xu G. et al.,United States,Nationwide,"30,502",3-17,711,Unavailable,Parent report,Unavailable,3.3,247,220-273,ASD|AD|PDD,2014-2016,,General health survey,"JAMA 319, 81-82 (2018)",Publication,https://www.ncbi.nlm.nih.gov/pubmed/29297068,Spectrum article,https://www.spectrumnews.org/news/prevalence-autism-u-s-remains-steady-new-data-suggest/,,,,
2018,CDC,United States,"Arizona, Arkansas, Colorado, Georgia, Maryland, Minnesota, Missouri, New Jersey, North Carolina, Tennessee, and Wisconsin","325,483",8,"5,473",DSM-IV-TR|DSM-5,Unavailable,69,4,168,164-173,ASD,2014,Yes,Epidemiological survey,"Baio J.B. et al. MMWR Surveill. Summ. 67, 1-23 (2018)",Publication,https://www.ncbi.nlm.nih.gov/pubmed/29701730,Spectrum article,https://www.spectrumnews.org/news/new-report-shows-slight-uptick-autism-prevalence/,,,,
2018,Arora N.K. et al.,India,"Palwal, Kangra, Dhenkanal, Hyderabad and North Goa","3,964",2-9,44,DSM-IV-TR,INDT-ASD,Unavailable,Unavailable,111,83-149,ASD|AD|PDD,2011-2012,Yes,Epidemiological survey,"Arora N.K. et al. PLOS Med. 15, e1002615 (2018)",Publication,https://www.ncbi.nlm.nih.gov/pubmed/30040859,Spectrum article,https://www.spectrumnews.org/news/study-quantifies-prevalence-autism-india/,,,,
2018,Kogan M.D. et al.,United States,Nationwide,"43,021",3-17,"1,131",Unavailable,Parent report,Unavailable,4.3,250,223-281,ASD,2016-2017,,General health survey,"Kogan M.D. et al. Pediatrics 142, e20174161 (2018)",Publication,http://pediatrics.aappublications.org/content/early/2018/11/21/peds.2017-4161,Spectrum article,https://www.spectrumnews.org/news/national-surveys-estimate-u-s-autism-prevalence-1-40/,,,,
2018,Xu G. et al.,United States,Nationwide,"43,021",3-17,"1,115",Unavailable,Unavailable,Unavailable,4.3,250,221-279,ASD,2016,,General health survey,Xu G. et al. JAMA Pediatrics Epub ahead of print (2018),Publication,https://www.ncbi.nlm.nih.gov/pubmed/30508021,Spectrum article,https://www.spectrumnews.org/news/national-surveys-estimate-u-s-autism-prevalence-1-40/,,,,
2018,Diallo et al. ,Canada,Québec,"1,447,660",1-17,"16,940",ICD-9|ICD-10,Unavailable,94,3.8,117,115-119,ASD,2014-2015,,Administrative database,,Publication,https://www.ncbi.nlm.nih.gov/pubmed/29056086,,,,,,
2018,Narzisi A. et al. ,Italy ,Pisa,"10,138",7-9,81,DSM-5,ADOS-2|ADI-R,34,5.2,80,62-97,ASD,2016-2017,,Administrative database|Epidemiological survey,,Publication,https://www.ncbi.nlm.nih.gov/pubmed/30187843,,,,,,
2018,Narzisi A. et al. ,Italy ,Pisa,"4,417",7-9,46,DSM-5,ADOS-2|ADI-R,Unavailable,Unavailable,100,74-134,ASD,2016-2017,,Administrative database|Epidemiological survey,,Publication,https://www.ncbi.nlm.nih.gov/pubmed/30187843,,,,,,
2018,Akhter S. et al. ,Bangladesh,"Raiganj Upazila, Sirajganj District","5,286",1.5-3,4,DSM-IV,M-CHAT|ADOS,Unavailable,3,7.5,2.9-19.4,ASD,2016,,Epidemiological survey,,Publication,https://www.ncbi.nlm.nih.gov/pmc/articles/PMC6039957.1/,,,,,,
2018,Heys M. et al.,Nepal,Makwanpur District,"4,098",9-13,14,Unavailable,AQ-10,Unavailable,1.3,30,20-50,ASD,2014-2015,,Epidemiological survey,,Publication,https://www.ncbi.nlm.nih.gov/pmc/articles/PMC6153945/,,,,,,
2018,Jin Z. et al.,China,Shanghai,"74,252",3-12,477,DSM-5,SCQ|Clincian judgment,7.5,3.6,8.3,6.2-10.4,ASD,Unavailable,,Epidemiological survey,,Publication,https://pubmed.ncbi.nlm.nih.gov/29453711/,,,,,,
2018,Bachmann C.J. et al.,Germany,Nationwide,"6,400,000",0-79,"29,645",ICD-10,Unavailable,Unavailable,2.3,46.3,45.8-46.8,ASD,2012,,Administrative database,,Publication,https://pubmed.ncbi.nlm.nih.gov/29671642/,,,,,,
2018,Özerk K.,Norway,Oslo,"108,238",1-16,337,ICD-10,Unavailable,Unavailable,4.3,31,28-35,ASD,2016,,Regional registry,,Publication,https://www.duo.uio.no/handle/10852/67055,,,,,,
2019,Sun X. et al.,China,Jilin,"7,258",6-10,77,DSM-IV-TR|DSM-5,CAST|ADOS|ADI-R,Unavailable,Unavailable,108,89-130,ASD,2013-2014,,Epidemiological survey,"Sun X. et al. Mol. Autism 10, 7 (2019)",Publication,https://www.ncbi.nlm.nih.gov/pubmed/30858963,Spectrum article,https://www.spectrumnews.org/news/new-figures-autism-prevalence-china-point-previous-neglect/,,,,
1966,Lotter V.,England,Middlesex,"78,000",8-10,32,Wing criteria,Behavior questionnaires,15.6,2.6,4.1,2.7-5.5,AD,1963-1964,Yes,Epidemiological survey,"Social psychiatry 1, 124–135 (1966)",Publication,https://link.springer.com/article/10.1007/BF00584048,,,,,,
1970,Treffert D.A.,United States,Wisconsin,"899,750",3-12,69,Kanner criteria,Unavailable,Unavailable,3.1,0.7,0.6-0.9,AD,1962-1967,,Administrative database,"Arch Gen Psychiatry. 22, 431-8 (1970)",Publication,https://www.ncbi.nlm.nih.gov/pubmed/5436867,,,,,,
1972,Brask B.H.,Denmark,Aarhus County,"46,500",2-14,20,Clinician diagnosis,Unavailable,Unavailable,1.4,4.3,2.4-6.2,AD,1962,,Epidemiological survey ,"Brask, B. H. 1970. A prevalence investigation of childhood psychoses. Nordic symposium on the care of psychotic children. 145–153. Oslo: Barnepsychiatrist Forening, Universitetsforlagets Trykningssentral",Publication,https://ci.nii.ac.jp/naid/10012227036/,,,,,,
1976,Wing L. et al.,England,Camberwell,"25,000",5-14,17,Rating scale,Unavailable,30,16,4.8,2.1-7.5,AD,1970-1972,Yes,Epidemiological survey ,"Psychological Medicine, 6, 89-100 (1976)",Publication,https://www.ncbi.nlm.nih.gov/pubmed/935299,,,,,,
1979,Wing L. and J. Gould,England,Camberwell,"35,000",0-14,17,Wing and Gould criteria,HBS schedule,30,16,4.9,Unavailable,AD,1970,Yes,Epidemiological survey,"J Autism Dev Disord. 9, 11-29 (1979)",Publication,https://www.ncbi.nlm.nih.gov/pubmed/155684,,,,,,
1982,Hoshino Y. et al.,Japan,Fukushima-Ken,"609,848",0-18,142,Kanner criteria,Clinician interview,Unavailable,9.9,2.3,1.9-2.7,AD,1977-1979,,Epidemiological survey,"Folia Psychiatr Neurol Jpn. 36, 115-24 (1982)",Publication,https://www.ncbi.nlm.nih.gov/pubmed/7129258,,,,,,
1983,Bohman M. et al.,Sweden,Västerbotten County,"69,000",0-20,39,Rutter criteria,Clinician diagnosis,38,1.6,5.6,3.9-7.4,AD,1979,,Epidemiological survey,,,,,,,,,
1984,Gillberg C. ,Sweden,Gothenburg,"128,584",4-18,26,Rutter criteria,Leiter's test|Griffith's Developmental Scale for Children|Vineland,23,3.3,2,1.2-2.8,AD,1980,,Epidemiological survey,J Child Psychol Psychiatry. 1984 Jan;25(1):35-43,Publication,https://www.ncbi.nlm.nih.gov/pubmed/6607262,,,,,,
1984,McCarthy P. et al.,Ireland,Eastern Health Board area,"65,000",8-10,28,Clinician criteria,Unavailable,Unavailable,1.3,4.3,2.7-5.9,AD,1978,,Epidemiological survey,Ir Med J. 1984 May;77(5):129-30,Publication,https://www.ncbi.nlm.nih.gov/pubmed/6610668,,,,,,
1986,Steinhausen H.C. et al.,Germany,West Berlin,"279,616",3-14,52,Rutter criteria,Unavailable,55.8,2.3,1.9,1.4-2.4,AD,1978-1982,,Epidemiological survey,J Am Acad Child Psychiatry. 1986 Mar;25(2):186-9,Publication,https://www.ncbi.nlm.nih.gov/pubmed/3486202,,,,,,
1986,Steffenberg S. and C. Gillberg,Sweden,Gothenburg and Bohuslän,"78,413",0-9,35,DSM-III,ABC,11,5.7,4.5,3.0-5.9,AD,1984,,Epidemiological survey,Br. J. Psychiatry 49; 81-7 (1986),Publication,https://www.ncbi.nlm.nih.gov/pubmed/3779317,,,,,,
1987,Burd L. et al.,United States,North Dakota,"180,986",2-18,59,DSM-III,Unavailable,Unavailable,2.7,3.3,2.5-4.2,PDD,Unavailable,,Epidemiological survey,"J Am Acad Child Adolesc Psychiatry. 26, 700-3 (1987)",Publication,https://www.ncbi.nlm.nih.gov/pubmed/3499432,,,,,,
1987,Matsuishi T. et al.,Japan,Kurume City,"32,834",4-12,51,DSM-III,Unavailable,Unavailable,4.7,15.5,11.3-19.8,AD,1983,Yes,Epidemiological survey,J. Child. Neurol. 2; 268-71 (1987),Publication,https://www.ncbi.nlm.nih.gov/pubmed/3498744,,,,,,
1988,Bryson S.E. et al.,Canada,Nova Scotia,"20,800",6-14,21,Rutter criteria|DSM-III,ABC,23.8,2.5,10.1,5.8-14.4,AD,1985,Yes,Epidemiological survey,J. Child Psychol. Psychiatry 29; 433-45 (1988),Publication,https://www.ncbi.nlm.nih.gov/pubmed/3265136,,,,,,
1988,Tanoue Y. et al.,Japan,Southern Ibaraki,"95,394",7,132,DSM-III,Unavailable,Unavailable,4,13.8,11.5-16.2,AD,1977-1985,,Administrative database,J. Autism Dev. Disord. 18; 155-66 (1988),Publication,https://www.ncbi.nlm.nih.gov/pubmed/3410807,,,,,,
1989,Cialdella P. and N. Mamelle,France,Rhône,"135,180",3-9,61,DSM-III,Unavailable,Unavailable,2.3,4.5,3.4-5.6,AD,1986,,Epidemiological survey,J. Child Psychol. Psychiatry 30; 165-75 (1989),Publication,https://www.ncbi.nlm.nih.gov/pubmed/2784446,,,,,,
1989,Ritvo E.R. et al.,United States,Utah,"769,620",3-27,241,DSM-III,BOSA|RFRLRS,34,3.7,4,Unavailable,AD,1984-1988,,Epidemiological survey,Am J Psychiatry. 1989 Feb;146(2):194-9,Publication,https://www.ncbi.nlm.nih.gov/pubmed/2783539,,,,,,
1989,Sugiyama T. and T. Abe,Japan,Nagoya,"12,263",1.5-3,16,DSM-III,Clinician diagnosis,Unavailable,Unavailable,13,6.7-19.4,AD,1979-1984,,Epidemiological survey,J Autism Dev Disord. 1989 Mar;19(1):87-96,Publication,https://www.ncbi.nlm.nih.gov/pubmed/2708306,,,,,,
1991,Gillberg C. et al.,Sweden,Göteborg and Bohuslän,"78,106",4-13,74,DSM-III|DSM-III-R,ABC|Clinician diagnosis,18,2.8,9.5,7.5-11.9,AD,1988,Yes,Epidemiological survey|Registry ,Br J Psychiatry. 1991 Mar;158:403-9,Publication,https://www.ncbi.nlm.nih.gov/pubmed/1828000,,,,,,
1992,Fombonne E. and C. du Mazaubrun,France,"Aquitaine, Ile-de-France, Lorraine, and Picardie","274,816",9|13,154,ICD-9,Clinician diagnosis,13.3,2.1,4.9,Unavailable,AD,1985,,Epidemiological survey,Soc Psychiatry Psychiatr Epidemiol. 1992 Aug;27(4):203-10,Publication,"
https://www.ncbi.nlm.nih.gov/pubmed/1411750",,,,,,
2019,Sun X. et al.,China,Shenzhen,"21,420",6-10,35,DSM-IV-TR|DSM-5,CAST|ADOS|ADI-R,Unavailable,Unavailable,42,20-89,ASD,2013-2014,,Epidemiological survey,"Sun X. et al. Mol. Autism 10, 7 (2019)",Publication,https://www.ncbi.nlm.nih.gov/pubmed/30858963,Spectrum article,https://www.spectrumnews.org/news/new-figures-autism-prevalence-china-point-previous-neglect/,,,,
1992,Wignyosumarto S. et al.,Indonesia,Yogyakarta,"5,120",4-7,6,Clinician criteria,CARS,0,2,11.7,2.3-21.1,AD,1991,,Epidemiological survey,Kobe J Med Sci. 1992 Feb;38(1):1-19,Publication,https://www.ncbi.nlm.nih.gov/pubmed/1495268,,,,,,
1996,Honda H. et al.,Japan,Yokohama,"8,537",5,18,ICD-10,Clinician diagnosis,50,2.6,21.1,11.4-30.8,AD,1994,,Epidemiological survey,Br J Psychiatry. 1996 Aug;169(2):228-35,Publication,https://www.ncbi.nlm.nih.gov/pubmed/8871801,,,,,,
1996,Baron-Cohen S. et al.,England,Thames Health Region,"16,000",1.5,10,ICD-10,ADI-R,Unavailable,Unavailable,6.3,2.4-10.1,AD,Unavailable,,Epidemiological survey,,Publication,https://www.cambridge.org/core/journals/the-british-journal-of-psychiatry/article/psychological-markers-in-the-detection-of-autism-in-infancy-in-a-large-population/1A6F91F11EE3DBC819DB3AF99EAA437D,,,,,,
1997,Fombonne E. et al.,France,"Haute-Garonne, Isère, and Saône-et-Loire counties","325,347",6-16,174,ICD-10,Unavailable,12.1,1.8,5.4,4.6-6.1,AD,1992-1993,Yes,Epidemiological survey,J Am Acad Child Adolesc Psychiatry. 1997 Nov;36(11):1561-9,Publication,https://www.ncbi.nlm.nih.gov/pubmed/9394941,,,,,,
1997,Webb E.V. et al.,Wales,South Glamorgan,"73,300",3-15,53,DSM-III-R,ABC|NDI,Unavailable,7,7.2,5.3-9.2,AD,1992,,Epidemiological survey,Dev Med Child Neurol. 1997 Mar;39(3):150-2,Publication,https://www.ncbi.nlm.nih.gov/pubmed/9112962,,,,,,
1997,Arvidsson T. et al.,Sweden,Mölnlycke,"1,941",3-6,9,ICD-10,ADI-R,22,3.5,31,7-55,AD,1994,,Epidemiological survey,,Publication,http://journals.sagepub.com/doi/10.1177/1362361397012004,,,,,,
1997,Fitzgerald M. et al.,Ireland,Dublin,"1,244,476",0-25,272,Wing Criteria,ADDC,Unavailable,3,4.9,Unavailable,AD,Unavailable,,Epidemiological survey,,Publication,https://www.lenus.ie/bitstream/handle/10147/76813/Irish_Families_Under_Stress_Vol.6.pdf,,,,,,
1998,Sponheim E. and O. Skjeldal,Norway,Akershus County,"65,688",3-14,25,ICD-10,CARS|ABC,Unavailable,2.1,3.8,2.3-5.3,AD,1992,,Epidemiological survey,J Autism Dev Disord. 1998 Jun;28(3):217-27,Publication,https://www.ncbi.nlm.nih.gov/pubmed/9656133,,,,,,
1999,Taylor B. et al.,England,Northeast Thames,"490,805",0-15,498,ICD-10,Unavailable,Unavailable,Unavailable,8.7,7.9-9.6,ASD,1998,,Administrative database|Registry ,Lancet. 1999 Jun 12;353(9169):2026-9,Publication,https://www.ncbi.nlm.nih.gov/pubmed/10376617,,,,,,
1999,Kadesjö B. et al.,Sweden,Karlstad,826,6.7-7.7,10,DSM-III-R|ICD-10|Gillberg criteria,ADI-R|Clinician interview,Unavailable,8.5,121,58-225,ASD,1992,Yes,Epidemiological survey,J Autism Dev Disord. 1999 Aug;29(4):327-31,Publication,https://www.ncbi.nlm.nih.gov/pubmed/10478732,,,,,,
2000,Baird G. et al.,England,Southeast Thames,"16,235",7,94,ICD-10,CHAT|ADI-R|PDD-Q,Unavailable,7.5,57.9,46.8-70.9,ASD,Unavailable,Yes,Epidemiological survey,J Am Acad Child Adolesc Psychiatry. 2000 Jun;39(6):694-702,Publication,https://www.ncbi.nlm.nih.gov/pubmed/10846303,,,,,,
2000,Powell J.E. et al.,England,West Midlands,Unavailable,1-5,122,ICD-10|DSM-IV,ADI|Clinician diagnosis,Unavailable,Unavailable,20.8,17.3-24.9,ASD,1995,,Administrative database,Dev Med Child Neurol. 2000 Sep;42(9):624-8,Publication,https://www.ncbi.nlm.nih.gov/pubmed/11034456,,,,,,
2000,Luo W. et al.,China,Fujian Province,"10,802",0-14,3,ABC,CCMD-2-R|DSM-III-R,Unavailable,2:1,2.8,Unavailable,AD,1996,,Epidemiological survey,"Luo W.W. et al. Shanghai Archives of Psychiatry 12, 3-5 (2000)",Publication link unavailable,Unavailable,,,,,,
2000,Jiang L.P. et al.,China,Luoyang Prefecture of Henan Province,"10,140",3-14,3,DSM-III,Unavailable,Unavailable,Unavailable,2.9,Unavailable,AD,Unavailable,,Epidemiological survey,,Publication link unavailable,Unavailable,,,,,,
2001,Bertrand J. et al.,United States,"Brick Township, New Jersey","8,896",3-10,60,DSM-IV,ADOS-G,51,2.7,67,51-87,ASD,1998,Yes,Epidemiological survey|Administrative database,Pediatrics. 2001 Nov;108(5):1155-61,Publication,https://www.ncbi.nlm.nih.gov/pubmed/11694696,,,,,,
2001,Chakrabarti S. and E. Fombonne,England,Staffordshire,"15,500",2.5-6.5,97,DSM-IV,ADI-R,74.2,3.9,62.6,50.8-76.3,PDD,1998-2000,Yes,Epidemiological survey,,Publication,https://pubmed.ncbi.nlm.nih.gov/11427137/,,,,,,
2001,Fombonne E. et al.,"England, Wales, and Scotland",Nationwide,"10,438",5-15,27,DSM-IV|ICD-10,DAWBA,55.6,8,26.1,16.2-36.0,PDD,1999,,Epidemiological survey,J Am Acad Child Adolesc Psychiatry. 2001 Jul;40(7):820-7,Publication,https://www.ncbi.nlm.nih.gov/pubmed/11437021,,,,,,
2001,Magnússon P. and E. Saemundsen,Iceland,Nationwide,"42,403",15-24,18,ICD-9|ICD-09,ADI-R|CARS,33,2,4.2,2.3-6.2,AD,1998,,Epidemiological survey,"J. Autism Dev. Disord. 31, 153-63 (2001)",Publication,https://www.ncbi.nlm.nih.gov/pubmed/11450814,,,,,,
2019,Sun X. et al.,China,Jiamusi,"16,358",6-10,10,DSM-IV-TR|DSM-5,CAST|ADOS|ADI-R,Unavailable,Unavailable,19,10-38,ASD,2013-2014,,Epidemiological survey,"Sun X. et al. Mol. Autism 10, 7 (2019)",Publication,https://www.ncbi.nlm.nih.gov/pubmed/30858963,Spectrum article,https://www.spectrumnews.org/news/new-figures-autism-prevalence-china-point-previous-neglect/,,,,
2020,Delobel-Ayoub M. et al.,Denmark,Nationwide,"195,293",7-9,"2,414",ICD-10,Unavailable,89,3.9,124,119-128,ASD,2015,,Registry,,Publication,https://www.ncbi.nlm.nih.gov/pubmed/31813107,,,,,,
2020,Delobel-Ayoub M. et al.,Finland,Nationwide,"177,193",7-9,"1,347",ICD-10,Unavailable,82.7,3.3,76,72-80,ASD,2015,,Registry,,Publication,https://www.ncbi.nlm.nih.gov/pubmed/31813107,,,,,,
2019,CDC,United States,"Arizona, Colorado, Missouri, New Jersey, North Carolina, Utah and Wisconsin","58,467",4,783,DSM-IV-TR,Unavailable,53,Unavailable,134,125-144,ASD,2010,,Epidemiological survey,,Publication,https://www.cdc.gov/mmwr/volumes/68/ss/ss6802a1.htm?s_cid=ss6802a1_e,Spectrum article,https://www.spectrumnews.org/news/new-autism-prevalence-stats-spotlight-challenge-early-diagnosis/,,,,
2019,CDC,United States,"Arizona, Colorado, Missouri, New Jersey, North Carolina, Utah and Wisconsin","59,456",4,907,DSM-IV-TR,Unavailable,56.4,Unavailable,153,143–163,ASD,2012,,Epidemiological survey,,Publication,https://www.cdc.gov/mmwr/volumes/68/ss/ss6802a1.htm?s_cid=ss6802a1_e,Spectrum article,https://www.spectrumnews.org/news/new-autism-prevalence-stats-spotlight-challenge-early-diagnosis/,,,,
2019,CDC,United States,"Arizona, Colorado, Missouri, New Jersey, North Carolina, Utah and Wisconsin","70,887",4,"1,208",DSM-IV-TR|DSM-5,Unavailable,53.9,Unavailable,170,161–180,ASD,2014,,Epidemiological survey,,Publication,https://www.cdc.gov/mmwr/volumes/68/ss/ss6802a1.htm?s_cid=ss6802a1_e,Spectrum article,https://www.spectrumnews.org/news/new-autism-prevalence-stats-spotlight-challenge-early-diagnosis/,,,,
2019,Alshaban F. et al. ,Qatar,Nationwide,"133,781",6-11,"1,099",DSM-5,ADOS-2|QSS-PTI,Unavailable,4.3,114,89-146,ASD,2015-2018,,Epidemiological survey ,,Publication,https://onlinelibrary.wiley.com/doi/10.1111/jcpp.13066,Spectrum article,https://www.spectrumnews.org/news/first-estimate-autism-prevalence-qatar-finds-high-numbers/,,,,
2019,Hoang V.M. et al. ,Vietnam,"Hanoi, Thai Binh province and Hoa Binh province","17,277",1.5-2.5,130,DSM-IV,M-CHAT,Unavailable,4.65,75.2,62.9-89.3,ASD,2017,,Epidemiological survey,,Publication,https://ijmhs.biomedcentral.com/articles/10.1186/s13033-019-0285-8,Spectrum article,https://www.spectrumnews.org/news/large-survey-children-hints-true-autism-prevalence-vietnam/,,,,
2019,Pérez-Crespo L. et al. ,Spain,Catalonia,"1,326,666",2-17,"15,466",ICD-9,Unavailable,Unavailable,4.5,123,121-125,ASD,2009-2017,,Administrative database,,Publication,https://www.ncbi.nlm.nih.gov/pubmed/31317678,Spectrum article,https://www.spectrumnews.org/news/autism-prevalence-estimates-for-catalonia-iran-highlight-gaps-in-data/,,,,
2019,Oner O. and K.M. Munir,Turkey,Istanbul,"6,712",1.3-3,57,DSM-5,M-CHAT-R/F|ADOS,Unavailable,Unavailable,80,6.3-105,ASD,Unavailable,,Epidemiological survey,,Publication,https://www.ncbi.nlm.nih.gov/pubmed/31414260,,,,,,
2019,Mohammadi M.R. et al. ,Iran,Nationwide,"29,737",6-18,37,Unavailable,K-SADS-PL,29.7,2,10,9-17,ASD,Unavailable,,Epidemiological survey,,Publication,https://www.ncbi.nlm.nih.gov/pubmed/31679355,Spectrum article,https://www.spectrumnews.org/news/autism-prevalence-estimates-for-catalonia-iran-highlight-gaps-in-data/,,,,
2019,Al-Mamri W. et al.,Oman,Nationwide,"837,655",0-14,"1,705",DSM-5,Unavailable,Unavailable,3.6,20.35,19.39-21.32,ASD,2011-2018,,Administrative database,,Publication,https://www.ncbi.nlm.nih.gov/pubmed/31897313,,,,,,
2019,Hoang V.M. et al.,Vietnam,"Hanoi, Thai Binh and Hoa Binh","17,277",1.5-2.5,130,DSM-IV,M-CHAT,Unavailable,4.65,75.2,62.9-89.3,ASD,2017,,Epidemiological survey,,Publication,https://pubmed.ncbi.nlm.nih.gov/31168317/,,,,,,
2019,Jariwala-Parikh K. et al. ,United States,"AL, AZ, AR, CA, CO, CT, DE, FL, GA, ID, IL, IN, IA, KS, KY, LA, MD, MA, MI, MN, MS, NE, NV, NH, NJ, NM, NY, NC, OH, OK, OR, RI, SC, TN, TX, VT, VA, WA and WV","8,129,270",18-65,"29,745",ICD-9-CM,Unavailable,Unavailable,2.8,36.6,36.2-37,ASD,2008,,Administrative,,Publication,https://pubmed.ncbi.nlm.nih.gov/31352637/,,,,,,
2019,Rydzewska E. et al.,Scotland,Nationwide,"916,331",0-15,"17,348",Unavailable,Census report,Unavailable,3.9,190,188-192,ASD,2011,,General health survey,,Publication,https://bmjopen.bmj.com/content/9/7/e025904,,,,,,
2019,Rydzewska E. et al.,Scotland,Nationwide,"632,488",16-24,"7,715",Unavailable,Census report,Unavailable,Unavailable,120,118-122,ASD,2011,,General health survey,,Publication,https://bmjopen.bmj.com/content/9/7/e025904,,,,,,
2019,Valenti M. et al.,Italy,L’Aquila,"36,938",0-18,352,DSM-IV|DSM-5,ADOS-2,Unavailable,4,95,85-105,ASD,2001-2018,,Regional registry,,Publication,https://ricerca.univaq.it/retrieve/e2188bfa-d52f-f28d-e053-d805fe0ac2bb/EBPH-2019%2013226%20.pdf,,,,,,
2019,Hamad A. et al.,Canada,Manitoba,"59,438",1-5,578,ICD-9|ICD-10,Unavailable,Unavailable,3.9,97,89-105,ASD,2015,,Regional registry,,Publication,https://www.ncbi.nlm.nih.gov/pmc/articles/PMC6964582/,,,,,,
2020,Delobel-Ayoub M. et al.,France,"Isère, Savoie and Haute-Savoie counties","32,342",8,154,ICD-10,Unavailable,76,4,48,40-56,ASD,2015,,Registry,,Publication,https://www.ncbi.nlm.nih.gov/pubmed/31813107,,,,,,
2020,Delobel-Ayoub M. et al.,France,Haute-Garonne county,"15,836",8,115,ICD-10,Unavailable,61.1,5.4,73,60-87,ASD,2015,,Registry,,Publication,https://www.ncbi.nlm.nih.gov/pubmed/31813107,,,,,,
2020,Delobel-Ayoub M. et al.,Iceland,Nationwide,"13,551",7-9,363,ICD-10,Unavailable,79.1,4.4,268,241-296,ASD,2015,,Registry,,Publication,https://www.ncbi.nlm.nih.gov/pubmed/31813107,,,,,,
2020,Hong M. et al.,South Korea,Nationwide,"51,529,338",>0-18 +,"5,653",ICD-10,Unavailable,Unavailable,5.4,1.1,1.09-1.11,ASD,2015,,Administrative database,,Publication,https://pubmed.ncbi.nlm.nih.gov/31630294/,,,,,,
2020,May T. et al.,Australia,Nationwide,"3,381",12-13,145,Unavailable,Parent report,Unavailable,3.3,436,356-519,ASD,2016,,Research cohort,,Publication,https://pubmed.ncbi.nlm.nih.gov/32124539/,,,,,,
2020,May T. et al.,Australia,Nationwide,"3,089",16-17,98,Unavailable,Parent report,Unavailable,3.1,353,279-447,ASD,2016,,Research cohort,,Publication,https://pubmed.ncbi.nlm.nih.gov/32124539/,,,,,,
2020,Zhou H. et al. ,China,"Shanghai, Guangzhou, Changsha, Chongqing, Chengdu, Wenzhou, Beijing, and Harbin","125,806",6-12,363,DSM-5,MC-ASRS|ADI-R|ADOS,54.6,4.3,29,26-32,ASD,2014-2016,,Epidemiological survey,,Publication,https://www.ncbi.nlm.nih.gov/pmc/articles/PMC7475160/,,,,,,
2020,Özerk K.,Norway,Nationwide,"938,847",1-16,"3,157",ICD-10,Unavailable,Unavailable,3.8,33.6,32.5-34.8,ASD,2016,,National Registry,,Publication,https://link.springer.com/article/10.1007/s40688-020-00302-z,,,,,,
2020,CDC,United States,"Arizona, Arkansas, Colorado, Georgia, Maryland, Minnesota, Missouri, New Jersey, North Carolina, Tennessee, and Wisconsin","275,419",8,5108,DSM-5,Unavailable,67,4.3,185,180-191,ASD,2016,,Epidemiological survey,,Publication,https://www.cdc.gov/mmwr/volumes/69/ss/ss6904a1.htm,,,,,,
2020,CDC,United States,"Arizona, Colorado, Missouri, New Jersey, North Carolina, and Wisconsin","72,277",4,"1,125",DSM-5,Unavailable,47,3.5,156,147-165,ASD,2016,,Epidemiological survey,,Publication,https://www.ncbi.nlm.nih.gov/pmc/articles/PMC7119643/,,,,,,
2020,Thomaidis L. et al.,Greece,Nationwide,"182,879",3-10,"2,108",ICD-10 | DSM-5,Unavailable,Unavailable,4.1,115,114-117,ASD,2019,,Administrative database,,Publication,https://www.ncbi.nlm.nih.gov/pmc/articles/PMC7408756/,,,,,,
2020,Pillay S. et al.,South Africa,Western Cape,"1,154,353",3-23,940,Unavailable,Unavailable,77.8,5.5,8.1,7.6-8.7,ASD,2016,,Registry,,Publication,https://pubmed.ncbi.nlm.nih.gov/33334147/,,,,,,
2020,Bowden N. et al.,New Zealand,Nationwide,"1,560,297",0-24,"9,555",DSM-IV|ICD-10,Unavailable,70,3.6,61.2,60-62.5,ASD,2015-2016,,Administrative database,,Publication,https://pubmed.ncbi.nlm.nih.gov/32677449/,,,,,,
2020,Saito M. et al.,Japan,Hirosaki City,"3,954",5,87,DSM-5,ASSQ|DISCO|ADOS,63,2.2,173,137-210,ASD,2013-2016,,Epidemiological survey,,Publication,https://pubmed.ncbi.nlm.nih.gov/32410700/,,,,,,
2020,Magen-Molho H. et al.,Israel,Nationwide,"1,786,194",5-16,"11,699",DSM-IV-TR|DSM-5,Unavailable,Unavailable,Unavailable,65,64-67,ASD,2000-2016,,Administrative database,,Publication,https://pubmed.ncbi.nlm.nih.gov/32778226/,,,,,,
2020,Linnsand P. et al.,Sweden,Region Västra Götaland,902,2-5,33,DSM-5,M-CHAT-R/F|JA-OBS|ADOS-2,35.5,2.6,366,243-488,ASD,2018,,Epidemiological survey,,Publication,https://www.ncbi.nlm.nih.gov/pmc/articles/PMC7835151/,,,,,,
2021,Posserud M. et al.,Norway,Nationwide,"409,478",4-10,"2,657",ICD-10,Unavailable,82.6,4.46,65,62-67,ASD,2015,,Registry,,Publication,https://pubmed.ncbi.nlm.nih.gov/34494265/,,,,,,
2021,Posserud M. et al.,Norway,Nationwide,"386,612",11-17,"5,399",ICD-10,Unavailable,85.2,3.36,140,136-143,ASD,2015,,Registry,,Publication,https://pubmed.ncbi.nlm.nih.gov/34494265/,,,,,,
2021,Posserud M. et al.,Norway,Nationwide,"1,701,206",18-48,"8,995",ICD-10,Unavailable,72.7,2.57,53,52-54,ASD,2015,,Registry,,Publication,https://pubmed.ncbi.nlm.nih.gov/34494265/,,,,,,
2021,Kim K. et al.,South Korea,Nationwide,"3,598,904",6-13,"32,878",ICD-10,Unavailable,Unavailable,2.9,91.4,90.4-92.3,ASD,2020,,Administrative database,,Publication,https://www.eymj.org/search.php?where=aview&id=10.3349/ymj.2021.62.10.943&code=0069YMJ&vmode=FULL,,,,,,
2021,Underwood J.F. et al.,Wales,Nationwide,"2,385,156",>0-18+,"12,089",ICD-10,Unavailable,Unavailable,3.7,50.7,49.8-51.6,ASD,2016,,Administrative database,,Publication,https://pubmed.ncbi.nlm.nih.gov/34841925/,,,,,,
2021,Shenouda J. et al.,United States,"Essex, Hudson, Ocean, and Union counties, New Jersey","26,083",8,942,DSM-5,Unavailable,74.8,4.3,360,340-380,ASD,2016,,Epidemiological survey,,Publication,https://pubmed.ncbi.nlm.nih.gov/34672116/,,,,,,
2021,Hidalgo P.M. et al.,Spain,Tarragona,"3,373",4-5,32,DSM-5,ADI-R|ADOS-2,Unavailable,2.7,95,67-134,ASD,2014-2019,,Epidemiological survey,,Publication,https://pubmed.ncbi.nlm.nih.gov/33884927/,,,,,,
2021,Hidalgo P.M. et al.,Spain,Tarragona,"3,520",10-11,25,DSM-5,ADI-R|ADOS-2,Unavailable,6,71,48-105,ASD,2014-2019,,Epidemiological survey,,Publication,https://pubmed.ncbi.nlm.nih.gov/33884927/,,,,,,
2021,CDC,United States,"Arizona, Arkansas, California, Georgia, Maryland, Minnesota, Missouri, New Jersey, Tennessee, Utah, and Wisconsin","220,394",4,"3,754",ICD-9|ICD-10,Unavailable,48.4,3.4,170,165-176,ASD,2018,,Epidemiological survey,,Publication,https://www.ncbi.nlm.nih.gov/pmc/articles/PMC8639027/,,,,,,
2021,CDC,United States,"Arizona, Arkansas, California, Georgia, Maryland, Minnesota, Missouri, New Jersey, Tennessee, Utah, and Wisconsin","220,281",8,"5,058",ICD-9|ICD-10,Unavailable,64.8,4.2,230,223-236,ASD,2018,,Epidemiological survey,,Publication,https://www.ncbi.nlm.nih.gov/pmc/articles/PMC8639024/,,,,,,
2021,Fuentes J. et al.,Spain,Gipuzkoa County,"9,117",7-9,65,DSM-IV|DSM-5,ADI-R|ADOS-G|ADOS-2,58,6.2,59,48-73,ASD,2017,,Epidemiological survey,,Publication,https://pubmed.ncbi.nlm.nih.gov/32388625/,,,,,,
2021,Roman-Urrestarazu A. et al.,England,Nationwide,"7,047,238",5-19,"119,821",ICD-10,Unavailable,Unavailable,4.32,170,169-171,ASD,2017,,Administrative,,Publication,https://www.ncbi.nlm.nih.gov/pmc/articles/PMC8008434/,,,,,,
2021,Ali H. et al.,Bangladesh,Northwest,"8,211",8-11,33,Unavailable,SCQ|ADOS-2,Unavailable,1.4,40,27-54,ASD,Unavailable,,Epidemiological survey,,Publication,https://pubmed.ncbi.nlm.nih.gov/34874130/,,,,,,
2021,Sabbagh H. J. et al.,Saudi Arabia,Makkah and Jeddah,"347,036",6-12,"1,023",DSM-5,Unavailable,Unavailable,3.5,28,27-31,ASD,2020,,Administrative,,Publication,https://pubmed.ncbi.nlm.nih.gov/33795498/,,,,,,
2022,Bosch R. et al.,Spain,Catalonia,"6,834",5-17,48,DSM-IV-TR|DSM-5,Clinician judgment,Unavailable,7,70.1,53-93,ASD,2011-2017,,Epidemiological survey,,Publication,https://pubmed.ncbi.nlm.nih.gov/33436129/,,,,,,
2022,Yoo S. et al.,South Korea,Nationwide,"4,989,351",8,"35,529",ICD-10,Unavailable,Unavailable,2.7,71,70-72,ASD,2002-2020,,Administrative,,Publication,https://www.ncbi.nlm.nih.gov/pmc/articles/PMC8723892/,,,,,,
2022,Lirola F. V.,Spain,Almeria,"89,900",3-16,726,ICD-10-CM,Unavailable,89,4.1,81,70-92,ASD,2020,,Administrative,,Publication,https://centracs.es/revista/article/view/10,,,,,,
2022,Lirola F. V.,Spain,Andalusia,"1,185,061",3-16,"8,838",ICD-10,Unavailable,Unavailable,5.9,86.5,84-89,ASD,2021,,Administrative,,Publication,https://pubmed.ncbi.nlm.nih.gov/36076115/,,,,,,
2022,Al Batti T. H. et al.,Saudi Arabia,Riyadh,398,2-4,10,DSM-5,M-CHAT-R|ADOS-2,Unavailable,3,250,98-405,ASD,2017-2018,,Epidemiological survey,,Publication,https://pubmed.ncbi.nlm.nih.gov/35248844/,,,,,,
2022,Lirola F. V.,Spain,Andalusia,Unavailable,6-12,"4,678",ICD-10,Unavailable,Unavailable,5.9,86.5,79.7-91.6,ASD,2021,,Administrative,,Publication,https://pubmed.ncbi.nlm.nih.gov/36076115/,,,,,,
2022,Barbaro J. et al.,Australia,Melbourne,"13,511",0.9-3.5,439,Unavailable,SACS-R|SACS-PR|ADOS|ADI-R,Unavailable,Unavailable,325,296-356,ASD,2013-2016,,Epidemiological survey,,Publication,https://pubmed.ncbi.nlm.nih.gov/35275169/,,,,,,
2022,Li Q. et al.,United States,Nationwide,"12,554",3-17,410,Unavailable,Unavailable,Unavailable,3.5,314,273-354,ASD,2019-2020,,General health survey,,Publication,https://www.ncbi.nlm.nih.gov/pmc/articles/PMC9257681/,,,,,,
2023,CDC,United States,"Arizona, Arkansas, California, Georgia, Maryland, Minnesota, Missouri, New Jersey, Tennessee, Utah, and Wisconsin","226,339",8,"6,245",ICD-9|ICD-10,Unavailable,62.1,3.8,276,269-283,ASD,2020,,Epidemiological survey,,Publication,https://www.cdc.gov/mmwr/volumes/72/ss/ss7202a1.htm,,,,,,
2023,CDC,United States,"Arizona, Arkansas, California, Georgia, Maryland, Minnesota, Missouri, New Jersey, Tennessee, Utah, and Wisconsin","227,526",4,"4,896",ICD-9|ICD-11,Unavailable,51.5,3.1,215,209-221,ASD,2020,,Epidemiological survey,,Publication,https://www.cdc.gov/mmwr/volumes/72/ss/ss7201a1.htm,,,,,,
2023,Shenouda J. et al.,United States,"Essex, Hudson, Ocean, and Union Counties, New Jersey","222,254",8,"4,661",DSM-IV-TR|DSM-5,Unavailable,59.3,4.5,210,204-216,ASD,2000-2016,,Epidemiological survey,,Publication,https://pubmed.ncbi.nlm.nih.gov/36700335/,,,,,,
2023,Wallis K. E. et al.,United States,Pennsylvania and New Jersey,"23,015",1-9,731,Unavailable,Unavailable,Unavailable,3.5,320,295-340,ASD,2011-2019,,Registry,,Publication,https://pubmed.ncbi.nlm.nih.gov/36652297/,,,,,,
2023,Nielsen T. C. et al.,Australia,New South Wales,"1,211,834",0-15,"12,921",DSM-IV|ICD-10-AM,Unavailable,Unavailable,3.7,107,105-109,ASD,2002-2017,,Administrative database,,Publication,https://pubmed.ncbi.nlm.nih.gov/36652127/,,,,,,
2023,Bradshaw J. et al.,United States,Nationwide,"70,913",5-17,"2,333",Unavailable,Parent report,Unavailable,3.3,329,289-373,ASD,2016-2018,,General health survey,,Publication,https://pubmed.ncbi.nlm.nih.gov/37142898/,,,,,,
2023,Rasga C. et al.,Portugal,Centro,"13,690",7-9,55,DSM-5,ADOS-G|ADI-R,50,2.9,50,30-70,ASD,2017,,Epidemiological survey,,Publication,https://www.ncbi.nlm.nih.gov/pmc/articles/PMC10499322/,,,,,,
2023,Cao M. et al.,China,"Guangzhou, Foshan, Hangzhou, Guiyang, and Wuhan","6,049",1.3-2.5,71,DSM-5,M-CHAT-R/F,Unavailable,6.9,117,90-145,ASD,2016-2017,,Epidemiological survey,,Publication,https://pubmed.ncbi.nlm.nih.gov/36330791/,,,,,,
2023,Wang X. et al.,United States,Nationwide,"192,072",3-17,"5,792",Unavailable,Parent report,Unavailable,Unavailable,301,294-309,ASD,2016-2021,,General health survey,,Publication,https://www.ncbi.nlm.nih.gov/pmc/articles/PMC9909151/,,,,,,
2023,Rubenstein E. et al.,United States,Nationwide,"37,800,000",18-89,"360,019",ICD,Unavailable,Unavailable,Unavailable,95,94.9-95.6,ASD,2019,,Administrative database,,Publication,https://pubmed.ncbi.nlm.nih.gov/37792361/,,,,,,
2023,Francés L. et al.,Spain,Menorca,289,6,7,DSM-5-TR,ADI-R|ADOS-2,Unavailable,6,242,65-420,ASD,2021,,Epidemiological survey,,Publication,https://www.ncbi.nlm.nih.gov/pmc/articles/PMC10667691/,,,,,,
2023,Maciver D. et al.,Scotland,Nationwide,"388,132",4-12,"10,089",Unavailable,Unavailable,Unavailable,Unavailable,260,255-265,ASD,2022,,Administrative database,,Publication,https://pubmed.ncbi.nlm.nih.gov/38009513/,,,,,,
2023,Scattoni M. L. et al.,Italy,Nationwide,"35,823",7-9,409,ICD-9|ICD-10|DSM-IV-TR|DSM-5,ADI-R|ADOS-2,Unavailable,4.4,134,113-160,ASD,2016-2018,,Epidemiological survey,,Publication,https://www.ncbi.nlm.nih.gov/pmc/articles/PMC10613370/,,,,,,
2023,Fast K. et al.,Sweden,Halland region,"2,658",12,28,Unavailable,Unavailable,Unavailable,2.5,105,67-144,ASD,2019,,Registry,,Publication,https://pubmed.ncbi.nlm.nih.gov/37740541/,,,,,,
2023,O'Nions E. et al.,England,Nationwide,"602,433",0-99,"4,704",Unavailable,Unavailable,84.9,3.4,78,76-80,ASD|AD|PDD,2018,,Administrative database,,Publication,https://www.ncbi.nlm.nih.gov/pmc/articles/PMC10114511/,,,,,,
2024,Dinstein I. et al.,Israel,Nationwide,"3,360,200",1-17,"32,222",DSM-IV-TR|DSM-5,Unavailable,Unavailable,Unavailable,95,94-96,ASD,2021,,Administrative database,,Publication,https://pubmed.ncbi.nlm.nih.gov/38193609/,,,,,,
2024,Akhter S. et al.,Bangladesh,Nationwide,"38,440",1.3-2.5,67,DSM-5,M-CHAT,Unavailable,2.4,17,13-22,ASD,2017,,Epidemiological survey,,Publication,https://pubmed.ncbi.nlm.nih.gov/36373750/,,,,,,
